-- phpMyAdmin SQL Dump
-- version 3.1.2deb1ubuntu0.1
-- http://www.phpmyadmin.net
--
-- Хост: localhost
-- Время создания: Окт 21 2009 г., 11:15
-- Версия сервера: 5.0.75
-- Версия PHP: 5.2.6-3ubuntu4.2

SET SQL_MODE="NO_AUTO_VALUE_ON_ZERO";


/*!40101 SET @OLD_CHARACTER_SET_CLIENT=@@CHARACTER_SET_CLIENT */;
/*!40101 SET @OLD_CHARACTER_SET_RESULTS=@@CHARACTER_SET_RESULTS */;
/*!40101 SET @OLD_COLLATION_CONNECTION=@@COLLATION_CONNECTION */;
/*!40101 SET NAMES utf8 */;

--
-- База данных: `metro`
--

-- --------------------------------------------------------

--
-- Структура таблицы `stops`
--

CREATE TABLE IF NOT EXISTS `stops` (
  `train_num` int(11) default NULL,
  `stop_num` int(11) default NULL,
  `time` text,
  `timestamp` time NOT NULL
) ENGINE=MyISAM DEFAULT CHARSET=latin1;

--
-- Дамп данных таблицы `stops`
--

INSERT INTO `stops` (`train_num`, `stop_num`, `time`, `timestamp`) VALUES
(1, 1, '9:35', '09:35:00'),
(1, 2, '9:44', '09:44:00'),
(1, 3, '9:47', '09:47:00'),
(1, 4, '9:55', '09:55:00'),
(1, 5, '10:03', '10:03:00'),
(1, 6, '10:05', '10:05:00'),
(1, 7, '10:07', '10:07:00'),
(1, 8, '10:09', '10:09:00'),
(1, 9, '10:11', '10:11:00'),
(1, 10, '10:12', '10:12:00'),
(1, 11, '10:14', '10:14:00'),
(1, 12, '10:19', '10:19:00'),
(1, 13, '10:22', '10:22:00'),
(1, 14, '10:27', '10:27:00'),
(1, 15, '10:36', '10:36:00'),
(2, 1, '9:41', '09:41:00'),
(2, 2, '9:50', '09:50:00'),
(2, 3, '9:53', '09:53:00'),
(2, 4, '10:01', '10:01:00'),
(2, 5, '10:09', '10:09:00'),
(2, 6, '10:11', '10:11:00'),
(2, 7, '10:13', '10:13:00'),
(2, 8, '10:15', '10:15:00'),
(2, 9, '10:17', '10:17:00'),
(2, 10, '10:18', '10:18:00'),
(2, 11, '10:20', '10:20:00'),
(2, 12, '10:25', '10:25:00'),
(2, 13, '10:28', '10:28:00'),
(2, 14, '10:33', '10:33:00'),
(3, 1, '9:47', '09:47:00'),
(3, 2, '9:56', '09:56:00'),
(3, 3, '9:59', '09:59:00'),
(3, 4, '10:07', '10:07:00'),
(3, 5, '10:15', '10:15:00'),
(3, 6, '10:17', '10:17:00'),
(3, 7, '10:19', '10:19:00'),
(3, 8, '10:21', '10:21:00'),
(3, 9, '10:23', '10:23:00'),
(3, 10, '10:24', '10:24:00'),
(3, 11, '10:26', '10:26:00'),
(3, 12, '10:31', '10:31:00'),
(3, 13, '10:34', '10:34:00'),
(3, 14, '10:39', '10:39:00'),
(3, 15, '10:48', '10:48:00'),
(4, 1, '9:53', '09:53:00'),
(4, 2, '10:02', '10:02:00'),
(4, 3, '10:05', '10:05:00'),
(4, 4, '10:13', '10:13:00'),
(4, 5, '10:21', '10:21:00'),
(4, 6, '10:23', '10:23:00'),
(4, 7, '10:25', '10:25:00'),
(4, 8, '10:27', '10:27:00'),
(4, 9, '10:29', '10:29:00'),
(4, 10, '10:30', '10:30:00'),
(4, 11, '10:32', '10:32:00'),
(4, 12, '10:37', '10:37:00'),
(4, 13, '10:40', '10:40:00'),
(4, 14, '10:45', '10:45:00'),
(5, 1, '9:59', '09:59:00'),
(5, 2, '10:08', '10:08:00'),
(5, 3, '10:11', '10:11:00'),
(5, 4, '10:19', '10:19:00'),
(5, 5, '10:27', '10:27:00'),
(5, 6, '10:29', '10:29:00'),
(5, 7, '10:31', '10:31:00'),
(5, 8, '10:33', '10:33:00'),
(5, 9, '10:35', '10:35:00'),
(5, 10, '10:36', '10:36:00'),
(5, 11, '10:38', '10:38:00'),
(5, 12, '10:43', '10:43:00'),
(5, 13, '10:46', '10:46:00'),
(5, 14, '10:51', '10:51:00'),
(5, 15, '11:00', '11:00:00'),
(6, 1, '10:05', '10:05:00'),
(6, 2, '10:14', '10:14:00'),
(6, 3, '10:17', '10:17:00'),
(6, 4, '10:25', '10:25:00'),
(6, 5, '10:33', '10:33:00'),
(6, 6, '10:35', '10:35:00'),
(6, 7, '10:37', '10:37:00'),
(6, 8, '10:39', '10:39:00'),
(6, 9, '10:41', '10:41:00'),
(6, 10, '10:42', '10:42:00'),
(6, 11, '10:44', '10:44:00'),
(6, 12, '10:49', '10:49:00'),
(6, 13, '10:52', '10:52:00'),
(6, 14, '10:57', '10:57:00'),
(7, 1, '10:11', '10:11:00'),
(7, 2, '10:20', '10:20:00'),
(7, 3, '10:23', '10:23:00'),
(7, 4, '10:31', '10:31:00'),
(7, 5, '10:39', '10:39:00'),
(7, 6, '10:41', '10:41:00'),
(7, 7, '10:43', '10:43:00'),
(7, 8, '10:45', '10:45:00'),
(7, 9, '10:47', '10:47:00'),
(7, 10, '10:48', '10:48:00'),
(7, 11, '10:50', '10:50:00'),
(7, 12, '10:55', '10:55:00'),
(7, 13, '10:58', '10:58:00'),
(7, 14, '11:03', '11:03:00'),
(7, 15, '11:12', '11:12:00'),
(8, 1, '10:17', '10:17:00'),
(8, 2, '10:26', '10:26:00'),
(8, 3, '10:29', '10:29:00'),
(8, 4, '10:37', '10:37:00'),
(8, 5, '10:45', '10:45:00'),
(8, 6, '10:47', '10:47:00'),
(8, 7, '10:49', '10:49:00'),
(8, 8, '10:51', '10:51:00'),
(8, 9, '10:53', '10:53:00'),
(8, 10, '10:54', '10:54:00'),
(8, 11, '10:56', '10:56:00'),
(8, 12, '11:01', '11:01:00'),
(8, 13, '11:04', '11:04:00'),
(8, 14, '11:09', '11:09:00'),
(9, 1, '10:23', '10:23:00'),
(9, 2, '10:32', '10:32:00'),
(9, 3, '10:35', '10:35:00'),
(9, 4, '10:43', '10:43:00'),
(9, 5, '10:51', '10:51:00'),
(9, 6, '10:53', '10:53:00'),
(9, 7, '10:55', '10:55:00'),
(9, 8, '10:57', '10:57:00'),
(9, 9, '10:59', '10:59:00'),
(9, 10, '11:00', '11:00:00'),
(9, 11, '11:02', '11:02:00'),
(9, 12, '11:07', '11:07:00'),
(9, 13, '11:10', '11:10:00'),
(9, 14, '11:15', '11:15:00'),
(9, 15, '11:24', '11:24:00'),
(10, 1, '10:29', '10:29:00'),
(10, 2, '10:38', '10:38:00'),
(10, 3, '10:41', '10:41:00'),
(10, 4, '10:49', '10:49:00'),
(10, 5, '10:57', '10:57:00'),
(10, 6, '10:59', '10:59:00'),
(10, 7, '11:01', '11:01:00'),
(10, 8, '11:03', '11:03:00'),
(10, 9, '11:05', '11:05:00'),
(10, 10, '11:06', '11:06:00'),
(10, 11, '11:08', '11:08:00'),
(10, 12, '11:13', '11:13:00'),
(10, 13, '11:16', '11:16:00'),
(10, 14, '11:21', '11:21:00'),
(11, 1, '10:35', '10:35:00'),
(11, 2, '10:44', '10:44:00'),
(11, 3, '10:47', '10:47:00'),
(11, 4, '10:55', '10:55:00'),
(11, 5, '11:03', '11:03:00'),
(11, 6, '11:05', '11:05:00'),
(11, 7, '11:07', '11:07:00'),
(11, 8, '11:09', '11:09:00'),
(11, 9, '11:11', '11:11:00'),
(11, 10, '11:12', '11:12:00'),
(11, 11, '11:14', '11:14:00'),
(11, 12, '11:19', '11:19:00'),
(11, 13, '11:22', '11:22:00'),
(11, 14, '11:27', '11:27:00'),
(11, 15, '11:36', '11:36:00'),
(12, 1, '10:41', '10:41:00'),
(12, 2, '10:50', '10:50:00'),
(12, 3, '10:53', '10:53:00'),
(12, 4, '11:01', '11:01:00'),
(12, 5, '11:09', '11:09:00'),
(12, 6, '11:11', '11:11:00'),
(12, 7, '11:13', '11:13:00'),
(12, 8, '11:15', '11:15:00'),
(12, 9, '11:17', '11:17:00'),
(12, 10, '11:18', '11:18:00'),
(12, 11, '11:20', '11:20:00'),
(12, 12, '11:25', '11:25:00'),
(12, 13, '11:28', '11:28:00'),
(12, 14, '11:33', '11:33:00'),
(13, 1, '10:47', '10:47:00'),
(13, 2, '10:56', '10:56:00'),
(13, 3, '10:59', '10:59:00'),
(13, 4, '11:07', '11:07:00'),
(13, 5, '11:15', '11:15:00'),
(13, 6, '11:17', '11:17:00'),
(13, 7, '11:19', '11:19:00'),
(13, 8, '11:21', '11:21:00'),
(13, 9, '11:23', '11:23:00'),
(13, 10, '11:24', '11:24:00'),
(13, 11, '11:26', '11:26:00'),
(13, 12, '11:31', '11:31:00'),
(13, 13, '11:34', '11:34:00'),
(13, 14, '11:39', '11:39:00'),
(13, 15, '11:48', '11:48:00'),
(14, 1, '10:53', '10:53:00'),
(14, 2, '11:02', '11:02:00'),
(14, 3, '11:05', '11:05:00'),
(14, 4, '11:13', '11:13:00'),
(14, 5, '11:21', '11:21:00'),
(14, 6, '11:23', '11:23:00'),
(14, 7, '11:25', '11:25:00'),
(14, 8, '11:27', '11:27:00'),
(14, 9, '11:29', '11:29:00'),
(14, 10, '11:30', '11:30:00'),
(14, 11, '11:32', '11:32:00'),
(14, 12, '11:37', '11:37:00'),
(14, 13, '11:40', '11:40:00'),
(14, 14, '11:45', '11:45:00'),
(15, 1, '10:59', '10:59:00'),
(15, 2, '11:08', '11:08:00'),
(15, 3, '11:11', '11:11:00'),
(15, 4, '11:19', '11:19:00'),
(15, 5, '11:27', '11:27:00'),
(15, 6, '11:29', '11:29:00'),
(15, 7, '11:31', '11:31:00'),
(15, 8, '11:33', '11:33:00'),
(15, 9, '11:35', '11:35:00'),
(15, 10, '11:36', '11:36:00'),
(15, 11, '11:38', '11:38:00'),
(15, 12, '11:43', '11:43:00'),
(15, 13, '11:46', '11:46:00'),
(15, 14, '11:51', '11:51:00'),
(15, 15, '12:00', '12:00:00'),
(16, 1, '11:05', '11:05:00'),
(16, 2, '11:14', '11:14:00'),
(16, 3, '11:17', '11:17:00'),
(16, 4, '11:25', '11:25:00'),
(16, 5, '11:33', '11:33:00'),
(16, 6, '11:35', '11:35:00'),
(16, 7, '11:37', '11:37:00'),
(16, 8, '11:39', '11:39:00'),
(16, 9, '11:41', '11:41:00'),
(16, 10, '11:42', '11:42:00'),
(16, 11, '11:44', '11:44:00'),
(16, 12, '11:49', '11:49:00'),
(16, 13, '11:52', '11:52:00'),
(16, 14, '11:57', '11:57:00'),
(17, 1, '11:11', '11:11:00'),
(17, 2, '11:20', '11:20:00'),
(17, 3, '11:23', '11:23:00'),
(17, 4, '11:31', '11:31:00'),
(17, 5, '11:39', '11:39:00'),
(17, 6, '11:41', '11:41:00'),
(17, 7, '11:43', '11:43:00'),
(17, 8, '11:45', '11:45:00'),
(17, 9, '11:47', '11:47:00'),
(17, 10, '11:48', '11:48:00'),
(17, 11, '11:50', '11:50:00'),
(17, 12, '11:55', '11:55:00'),
(17, 13, '11:58', '11:58:00'),
(17, 14, '12:03', '12:03:00'),
(17, 15, '12:12', '12:12:00'),
(18, 1, '11:17', '11:17:00'),
(18, 2, '11:26', '11:26:00'),
(18, 3, '11:29', '11:29:00'),
(18, 4, '11:37', '11:37:00'),
(18, 5, '11:45', '11:45:00'),
(18, 6, '11:47', '11:47:00'),
(18, 7, '11:49', '11:49:00'),
(18, 8, '11:51', '11:51:00'),
(18, 9, '11:53', '11:53:00'),
(18, 10, '11:54', '11:54:00'),
(18, 11, '11:56', '11:56:00'),
(18, 12, '12:01', '12:01:00'),
(18, 13, '12:04', '12:04:00'),
(18, 14, '12:09', '12:09:00'),
(19, 1, '11:23', '11:23:00'),
(19, 2, '11:32', '11:32:00'),
(19, 3, '11:35', '11:35:00'),
(19, 4, '11:43', '11:43:00'),
(19, 5, '11:51', '11:51:00'),
(19, 6, '11:53', '11:53:00'),
(19, 7, '11:55', '11:55:00'),
(19, 8, '11:57', '11:57:00'),
(19, 9, '11:59', '11:59:00'),
(19, 10, '12:00', '12:00:00'),
(19, 11, '12:02', '12:02:00'),
(19, 12, '12:07', '12:07:00'),
(19, 13, '12:10', '12:10:00'),
(19, 14, '12:15', '12:15:00'),
(19, 15, '12:24', '12:24:00'),
(20, 1, '11:29', '11:29:00'),
(20, 2, '11:38', '11:38:00'),
(20, 3, '11:41', '11:41:00'),
(20, 4, '11:49', '11:49:00'),
(20, 5, '11:57', '11:57:00'),
(20, 6, '11:59', '11:59:00'),
(20, 7, '12:01', '12:01:00'),
(20, 8, '12:03', '12:03:00'),
(20, 9, '12:05', '12:05:00'),
(20, 10, '12:06', '12:06:00'),
(20, 11, '12:08', '12:08:00'),
(20, 12, '12:13', '12:13:00'),
(20, 13, '12:16', '12:16:00'),
(20, 14, '12:21', '12:21:00'),
(21, 1, '11:35', '11:35:00'),
(21, 2, '11:44', '11:44:00'),
(21, 3, '11:47', '11:47:00'),
(21, 4, '11:55', '11:55:00'),
(21, 5, '12:03', '12:03:00'),
(21, 6, '12:05', '12:05:00'),
(21, 7, '12:07', '12:07:00'),
(21, 8, '12:09', '12:09:00'),
(21, 9, '12:11', '12:11:00'),
(21, 10, '12:12', '12:12:00'),
(21, 11, '12:14', '12:14:00'),
(21, 12, '12:19', '12:19:00'),
(21, 13, '12:22', '12:22:00'),
(21, 14, '12:27', '12:27:00'),
(21, 15, '12:36', '12:36:00'),
(22, 1, '11:41', '11:41:00'),
(22, 2, '11:50', '11:50:00'),
(22, 3, '11:53', '11:53:00'),
(22, 4, '12:01', '12:01:00'),
(22, 5, '12:09', '12:09:00'),
(22, 6, '12:11', '12:11:00'),
(22, 7, '12:13', '12:13:00'),
(22, 8, '12:15', '12:15:00'),
(22, 9, '12:17', '12:17:00'),
(22, 10, '12:18', '12:18:00'),
(22, 11, '12:20', '12:20:00'),
(22, 12, '12:25', '12:25:00'),
(22, 13, '12:28', '12:28:00'),
(22, 14, '12:33', '12:33:00'),
(23, 1, '11:47', '11:47:00'),
(23, 2, '11:56', '11:56:00'),
(23, 3, '11:59', '11:59:00'),
(23, 4, '12:07', '12:07:00'),
(23, 5, '12:15', '12:15:00'),
(23, 6, '12:17', '12:17:00'),
(23, 7, '12:19', '12:19:00'),
(23, 8, '12:21', '12:21:00'),
(23, 9, '12:23', '12:23:00'),
(23, 10, '12:24', '12:24:00'),
(23, 11, '12:26', '12:26:00'),
(23, 12, '12:31', '12:31:00'),
(23, 13, '12:34', '12:34:00'),
(23, 14, '12:39', '12:39:00'),
(23, 15, '12:48', '12:48:00'),
(24, 1, '11:53', '11:53:00'),
(24, 2, '12:02', '12:02:00'),
(24, 3, '12:05', '12:05:00'),
(24, 4, '12:13', '12:13:00'),
(24, 5, '12:21', '12:21:00'),
(24, 6, '12:23', '12:23:00'),
(24, 7, '12:25', '12:25:00'),
(24, 8, '12:27', '12:27:00'),
(24, 9, '12:29', '12:29:00'),
(24, 10, '12:30', '12:30:00'),
(24, 11, '12:32', '12:32:00'),
(24, 12, '12:37', '12:37:00'),
(24, 13, '12:40', '12:40:00'),
(24, 14, '12:45', '12:45:00'),
(25, 1, '11:59', '11:59:00'),
(25, 2, '12:08', '12:08:00'),
(25, 3, '12:11', '12:11:00'),
(25, 4, '12:19', '12:19:00'),
(25, 5, '12:27', '12:27:00'),
(25, 6, '12:29', '12:29:00'),
(25, 7, '12:31', '12:31:00'),
(25, 8, '12:33', '12:33:00'),
(25, 9, '12:35', '12:35:00'),
(25, 10, '12:36', '12:36:00'),
(25, 11, '12:38', '12:38:00'),
(25, 12, '12:43', '12:43:00'),
(25, 13, '12:46', '12:46:00'),
(25, 14, '12:51', '12:51:00'),
(25, 15, '1:00', '13:00:12'),
(26, 1, '12:05', '12:05:00'),
(26, 2, '12:14', '12:14:00'),
(26, 3, '12:17', '12:17:00'),
(26, 4, '12:25', '12:25:00'),
(26, 5, '12:33', '12:33:00'),
(26, 6, '12:35', '12:35:00'),
(26, 7, '12:37', '12:37:00'),
(26, 8, '12:39', '12:39:00'),
(26, 9, '12:41', '12:41:00'),
(26, 10, '12:42', '12:42:00'),
(26, 11, '12:44', '12:44:00'),
(26, 12, '12:49', '12:49:00'),
(26, 13, '12:52', '12:52:00'),
(26, 14, '12:57', '12:57:00'),
(27, 1, '12:11', '12:11:00'),
(27, 2, '12:20', '12:20:00'),
(27, 3, '12:23', '12:23:00'),
(27, 4, '12:31', '12:31:00'),
(27, 5, '12:39', '12:39:00'),
(27, 6, '12:41', '12:41:00'),
(27, 7, '12:43', '12:43:00'),
(27, 8, '12:45', '12:45:00'),
(27, 9, '12:47', '12:47:00'),
(27, 10, '12:48', '12:48:00'),
(27, 11, '12:50', '12:50:00'),
(27, 12, '12:55', '12:55:00'),
(27, 13, '12:58', '12:58:00'),
(27, 14, '1:03', '13:03:12'),
(27, 15, '1:12', '13:12:12'),
(28, 1, '12:17', '12:17:00'),
(28, 2, '12:26', '12:26:00'),
(28, 3, '12:29', '12:29:00'),
(28, 4, '12:37', '12:37:00'),
(28, 5, '12:45', '12:45:00'),
(28, 6, '12:47', '12:47:00'),
(28, 7, '12:49', '12:49:00'),
(28, 8, '12:51', '12:51:00'),
(28, 9, '12:53', '12:53:00'),
(28, 10, '12:54', '12:54:00'),
(28, 11, '12:56', '12:56:00'),
(28, 12, '1:01', '13:01:12'),
(28, 13, '1:04', '13:04:12'),
(28, 14, '1:09', '13:09:12'),
(29, 1, '12:23', '12:23:00'),
(29, 2, '12:32', '12:32:00'),
(29, 3, '12:35', '12:35:00'),
(29, 4, '12:43', '12:43:00'),
(29, 5, '12:51', '12:51:00'),
(29, 6, '12:53', '12:53:00'),
(29, 7, '12:55', '12:55:00'),
(29, 8, '12:57', '12:57:00'),
(29, 9, '12:59', '12:59:00'),
(29, 10, '1:00', '13:00:12'),
(29, 11, '1:02', '13:02:12'),
(29, 12, '1:07', '13:07:12'),
(29, 13, '1:10', '13:10:12'),
(29, 14, '1:15', '13:15:12'),
(29, 15, '1:24', '13:24:12'),
(30, 1, '12:29', '12:29:00'),
(30, 2, '12:38', '12:38:00'),
(30, 3, '12:41', '12:41:00'),
(30, 4, '12:49', '12:49:00'),
(30, 5, '12:57', '12:57:00'),
(30, 6, '12:59', '12:59:00'),
(30, 7, '1:01', '13:01:12'),
(30, 8, '1:03', '13:03:12'),
(30, 9, '1:05', '13:05:12'),
(30, 10, '1:06', '13:06:12'),
(30, 11, '1:08', '13:08:12'),
(30, 12, '1:13', '13:13:12'),
(30, 13, '1:16', '13:16:12'),
(30, 14, '1:21', '13:21:12'),
(31, 1, '12:35', '12:35:00'),
(31, 2, '12:44', '12:44:00'),
(31, 3, '12:47', '12:47:00'),
(31, 4, '12:55', '12:55:00'),
(31, 5, '1:03', '13:03:12'),
(31, 6, '1:05', '13:05:12'),
(31, 7, '1:07', '13:07:12'),
(31, 8, '1:09', '13:09:12'),
(31, 9, '1:11', '13:11:12'),
(31, 10, '1:12', '13:12:12'),
(31, 11, '1:14', '13:14:12'),
(31, 12, '1:19', '13:19:12'),
(31, 13, '1:22', '13:22:12'),
(31, 14, '1:27', '13:27:12'),
(31, 15, '1:36', '13:36:12'),
(32, 1, '12:41', '12:41:00'),
(32, 2, '12:50', '12:50:00'),
(32, 3, '12:53', '12:53:00'),
(32, 4, '1:01', '13:01:12'),
(32, 5, '1:09', '13:09:12'),
(32, 6, '1:11', '13:11:12'),
(32, 7, '1:13', '13:13:12'),
(32, 8, '1:15', '13:15:12'),
(32, 9, '1:17', '13:17:12'),
(32, 10, '1:18', '13:18:12'),
(32, 11, '1:20', '13:20:12'),
(32, 12, '1:25', '13:25:12'),
(32, 13, '1:28', '13:28:12'),
(32, 14, '1:33', '13:33:12'),
(33, 1, '12:47', '12:47:00'),
(33, 2, '12:56', '12:56:00'),
(33, 3, '12:59', '12:59:00'),
(33, 4, '1:07', '13:07:12'),
(33, 5, '1:15', '13:15:12'),
(33, 6, '1:17', '13:17:12'),
(33, 7, '1:19', '13:19:12'),
(33, 8, '1:21', '13:21:12'),
(33, 9, '1:23', '13:23:12'),
(33, 10, '1:24', '13:24:12'),
(33, 11, '1:26', '13:26:12'),
(33, 12, '1:31', '13:31:12'),
(33, 13, '1:34', '13:34:12'),
(33, 14, '1:39', '13:39:12'),
(33, 15, '1:48', '13:48:12'),
(34, 1, '12:53', '12:53:00'),
(34, 2, '1:02', '13:02:12'),
(34, 3, '1:05', '13:05:12'),
(34, 4, '1:13', '13:13:12'),
(34, 5, '1:21', '13:21:12'),
(34, 6, '1:23', '13:23:12'),
(34, 7, '1:25', '13:25:12'),
(34, 8, '1:27', '13:27:12'),
(34, 9, '1:29', '13:29:12'),
(34, 10, '1:30', '13:30:12'),
(34, 11, '1:32', '13:32:12'),
(34, 12, '1:37', '13:37:12'),
(34, 13, '1:40', '13:40:12'),
(34, 14, '1:45', '13:45:12'),
(35, 1, '12:59', '12:59:00'),
(35, 2, '1:08', '13:08:12'),
(35, 3, '1:11', '13:11:12'),
(35, 4, '1:19', '13:19:12'),
(35, 5, '1:27', '13:27:12'),
(35, 6, '1:29', '13:29:12'),
(35, 7, '1:31', '13:31:12'),
(35, 8, '1:33', '13:33:12'),
(35, 9, '1:35', '13:35:12'),
(35, 10, '1:36', '13:36:12'),
(35, 11, '1:38', '13:38:12'),
(35, 12, '1:43', '13:43:12'),
(35, 13, '1:46', '13:46:12'),
(35, 14, '1:51', '13:51:12'),
(35, 15, '2:00', '14:00:12'),
(36, 1, '1:05', '13:05:12'),
(36, 2, '1:14', '13:14:12'),
(36, 3, '1:17', '13:17:12'),
(36, 4, '1:25', '13:25:12'),
(36, 5, '1:33', '13:33:12'),
(36, 6, '1:35', '13:35:12'),
(36, 7, '1:37', '13:37:12'),
(36, 8, '1:39', '13:39:12'),
(36, 9, '1:41', '13:41:12'),
(36, 10, '1:42', '13:42:12'),
(36, 11, '1:44', '13:44:12'),
(36, 12, '1:49', '13:49:12'),
(36, 13, '1:52', '13:52:12'),
(36, 14, '1:57', '13:57:12'),
(37, 1, '1:11', '13:11:12'),
(37, 2, '1:20', '13:20:12'),
(37, 3, '1:23', '13:23:12'),
(37, 4, '1:31', '13:31:12'),
(37, 5, '1:39', '13:39:12'),
(37, 6, '1:41', '13:41:12'),
(37, 7, '1:43', '13:43:12'),
(37, 8, '1:45', '13:45:12'),
(37, 9, '1:47', '13:47:12'),
(37, 10, '1:48', '13:48:12'),
(37, 11, '1:50', '13:50:12'),
(37, 12, '1:55', '13:55:12'),
(37, 13, '1:58', '13:58:12'),
(37, 14, '2:03', '14:03:12'),
(37, 15, '2:12', '14:12:12'),
(38, 1, '1:17', '13:17:12'),
(38, 2, '1:26', '13:26:12'),
(38, 3, '1:29', '13:29:12'),
(38, 4, '1:37', '13:37:12'),
(38, 5, '1:45', '13:45:12'),
(38, 6, '1:47', '13:47:12'),
(38, 7, '1:49', '13:49:12'),
(38, 8, '1:51', '13:51:12'),
(38, 9, '1:53', '13:53:12'),
(38, 10, '1:54', '13:54:12'),
(38, 11, '1:56', '13:56:12'),
(38, 12, '2:01', '14:01:12'),
(38, 13, '2:04', '14:04:12'),
(38, 14, '2:09', '14:09:12'),
(39, 1, '1:23', '13:23:12'),
(39, 2, '1:32', '13:32:12'),
(39, 3, '1:35', '13:35:12'),
(39, 4, '1:43', '13:43:12'),
(39, 5, '1:51', '13:51:12'),
(39, 6, '1:53', '13:53:12'),
(39, 7, '1:55', '13:55:12'),
(39, 8, '1:57', '13:57:12'),
(39, 9, '1:59', '13:59:12'),
(39, 10, '2:00', '14:00:12'),
(39, 11, '2:02', '14:02:12'),
(39, 12, '2:07', '14:07:12'),
(39, 13, '2:10', '14:10:12'),
(39, 14, '2:15', '14:15:12'),
(39, 15, '2:24', '14:24:12'),
(40, 1, '1:29', '13:29:12'),
(40, 2, '1:38', '13:38:12'),
(40, 3, '1:41', '13:41:12'),
(40, 4, '1:49', '13:49:12'),
(40, 5, '1:57', '13:57:12'),
(40, 6, '1:59', '13:59:12'),
(40, 7, '2:01', '14:01:12'),
(40, 8, '2:03', '14:03:12'),
(40, 9, '2:05', '14:05:12'),
(40, 10, '2:06', '14:06:12'),
(40, 11, '2:08', '14:08:12'),
(40, 12, '2:13', '14:13:12'),
(40, 13, '2:16', '14:16:12'),
(40, 14, '2:21', '14:21:12'),
(41, 1, '1:35', '13:35:12'),
(41, 2, '1:44', '13:44:12'),
(41, 3, '1:47', '13:47:12'),
(41, 4, '1:55', '13:55:12'),
(41, 5, '2:03', '14:03:12'),
(41, 6, '2:05', '14:05:12'),
(41, 7, '2:07', '14:07:12'),
(41, 8, '2:09', '14:09:12'),
(41, 9, '2:11', '14:11:12'),
(41, 10, '2:12', '14:12:12'),
(41, 11, '2:14', '14:14:12'),
(41, 12, '2:19', '14:19:12'),
(41, 13, '2:22', '14:22:12'),
(41, 14, '2:27', '14:27:12'),
(41, 15, '2:36', '14:36:12'),
(42, 1, '1:41', '13:41:12'),
(42, 2, '1:50', '13:50:12'),
(42, 3, '1:53', '13:53:12'),
(42, 4, '2:01', '14:01:12'),
(42, 5, '2:09', '14:09:12'),
(42, 6, '2:11', '14:11:12'),
(42, 7, '2:13', '14:13:12'),
(42, 8, '2:15', '14:15:12'),
(42, 9, '2:17', '14:17:12'),
(42, 10, '2:18', '14:18:12'),
(42, 11, '2:20', '14:20:12'),
(42, 12, '2:25', '14:25:12'),
(42, 13, '2:28', '14:28:12'),
(42, 14, '2:33', '14:33:12'),
(43, 1, '1:47', '13:47:12'),
(43, 2, '1:56', '13:56:12'),
(43, 3, '1:59', '13:59:12'),
(43, 4, '2:07', '14:07:12'),
(43, 5, '2:15', '14:15:12'),
(43, 6, '2:17', '14:17:12'),
(43, 7, '2:19', '14:19:12'),
(43, 8, '2:21', '14:21:12'),
(43, 9, '2:23', '14:23:12'),
(43, 10, '2:24', '14:24:12'),
(43, 11, '2:26', '14:26:12'),
(43, 12, '2:31', '14:31:12'),
(43, 13, '2:34', '14:34:12'),
(43, 14, '2:39', '14:39:12'),
(43, 15, '2:48', '14:48:12'),
(44, 1, '1:53', '13:53:12'),
(44, 2, '2:02', '14:02:12'),
(44, 3, '2:05', '14:05:12'),
(44, 4, '2:13', '14:13:12'),
(44, 5, '2:21', '14:21:12'),
(44, 6, '2:23', '14:23:12'),
(44, 7, '2:25', '14:25:12'),
(44, 8, '2:27', '14:27:12'),
(44, 9, '2:29', '14:29:12'),
(44, 10, '2:30', '14:30:12'),
(44, 11, '2:32', '14:32:12'),
(44, 12, '2:37', '14:37:12'),
(44, 13, '2:40', '14:40:12'),
(44, 14, '2:45', '14:45:12'),
(45, 1, '1:59', '13:59:12'),
(45, 2, '2:08', '14:08:12'),
(45, 3, '2:11', '14:11:12'),
(45, 4, '2:19', '14:19:12'),
(45, 5, '2:27', '14:27:12'),
(45, 6, '2:29', '14:29:12'),
(45, 7, '2:31', '14:31:12'),
(45, 8, '2:33', '14:33:12'),
(45, 9, '2:35', '14:35:12'),
(45, 10, '2:36', '14:36:12'),
(45, 11, '2:38', '14:38:12'),
(45, 12, '2:43', '14:43:12'),
(45, 13, '2:46', '14:46:12'),
(45, 14, '2:51', '14:51:12'),
(45, 15, '3:00', '15:00:12'),
(46, 1, '2:05', '14:05:12'),
(46, 2, '2:14', '14:14:12'),
(46, 3, '2:17', '14:17:12'),
(46, 4, '2:25', '14:25:12'),
(46, 5, '2:33', '14:33:12'),
(46, 6, '2:35', '14:35:12'),
(46, 7, '2:37', '14:37:12'),
(46, 8, '2:39', '14:39:12'),
(46, 9, '2:41', '14:41:12'),
(46, 10, '2:42', '14:42:12'),
(46, 11, '2:44', '14:44:12'),
(46, 12, '2:49', '14:49:12'),
(46, 13, '2:52', '14:52:12'),
(46, 14, '2:57', '14:57:12'),
(47, 1, '2:11', '14:11:12'),
(47, 2, '2:20', '14:20:12'),
(47, 3, '2:23', '14:23:12'),
(47, 4, '2:31', '14:31:12'),
(47, 5, '2:39', '14:39:12'),
(47, 6, '2:41', '14:41:12'),
(47, 7, '2:43', '14:43:12'),
(47, 8, '2:45', '14:45:12'),
(47, 9, '2:47', '14:47:12'),
(47, 10, '2:48', '14:48:12'),
(47, 11, '2:50', '14:50:12'),
(47, 12, '2:55', '14:55:12'),
(47, 13, '2:58', '14:58:12'),
(47, 14, '3:03', '15:03:12'),
(47, 15, '3:12', '15:12:12'),
(48, 1, '2:17', '14:17:12'),
(48, 2, '2:26', '14:26:12'),
(48, 3, '2:29', '14:29:12'),
(48, 4, '2:37', '14:37:12'),
(48, 5, '2:45', '14:45:12'),
(48, 6, '2:47', '14:47:12'),
(48, 7, '2:49', '14:49:12'),
(48, 8, '2:51', '14:51:12'),
(48, 9, '2:53', '14:53:12'),
(48, 10, '2:54', '14:54:12'),
(48, 11, '2:56', '14:56:12'),
(48, 12, '3:01', '15:01:12'),
(48, 13, '3:04', '15:04:12'),
(48, 14, '3:09', '15:09:12'),
(48, 15, '3:18', '15:18:12'),
(49, 1, '2:23', '14:23:12'),
(49, 2, '2:32', '14:32:12'),
(49, 3, '2:35', '14:35:12'),
(49, 4, '2:43', '14:43:12'),
(49, 5, '2:51', '14:51:12'),
(49, 6, '2:53', '14:53:12'),
(49, 7, '2:55', '14:55:12'),
(49, 8, '2:57', '14:57:12'),
(49, 9, '2:59', '14:59:12'),
(49, 10, '3:00', '15:00:12'),
(49, 11, '3:02', '15:02:12'),
(49, 12, '3:07', '15:07:12'),
(49, 13, '3:10', '15:10:12'),
(49, 14, '3:15', '15:15:12'),
(49, 15, '3:24', '15:24:12'),
(50, 1, '2:29', '14:29:12'),
(50, 2, '2:38', '14:38:12'),
(50, 3, '2:41', '14:41:12'),
(50, 4, '2:49', '14:49:12'),
(50, 5, '2:57', '14:57:12'),
(50, 6, '2:59', '14:59:12'),
(50, 7, '3:01', '15:01:12'),
(50, 8, '3:03', '15:03:12'),
(50, 9, '3:05', '15:05:12'),
(50, 10, '3:06', '15:06:12'),
(50, 11, '3:08', '15:08:12'),
(50, 12, '3:13', '15:13:12'),
(50, 13, '3:16', '15:16:12'),
(50, 14, '3:21', '15:21:12'),
(50, 15, '3:30', '15:30:12');

-- --------------------------------------------------------

--
-- Структура таблицы `stop_names`
--

CREATE TABLE IF NOT EXISTS `stop_names` (
  `stop_num` int(11) default NULL,
  `stop_name` text
) ENGINE=MyISAM DEFAULT CHARSET=latin1;

--
-- Дамп данных таблицы `stop_names`
--

INSERT INTO `stop_names` (`stop_num`, `stop_name`) VALUES
(1, 'Shady Grove'),
(2, 'White Flint'),
(3, 'Grosvenor-Strathmore'),
(4, 'Friendship Heights'),
(5, 'Woodley Park-Zoo/Adams Morgan'),
(6, 'Dupont Circle'),
(7, 'Farragut North'),
(8, 'Metro Center'),
(9, 'Gallery Place-Chinatown'),
(10, 'Judiciary Square'),
(11, 'Union Station'),
(12, 'Brookland-CUA'),
(13, 'Fort Totten'),
(14, 'Silver Spring'),
(15, 'Glenmont');

-- --------------------------------------------------------

--
-- Структура таблицы `users`
--

CREATE TABLE IF NOT EXISTS `users` (
  `username` varchar(64) NOT NULL,
  `favorite_station` tinyint(4) NOT NULL,
  PRIMARY KEY  (`username`)
) ENGINE=MyISAM DEFAULT CHARSET=latin1;

--
-- Дамп данных таблицы `users`
--

INSERT INTO `users` (`username`, `favorite_station`) VALUES
('Sasha', 1),
('asd', 1),
('John', 4);
